rxn_id	flux
rxn09121_c0	-1.5461464588501406
rxn09121_m0	-1.331376314953484
PIt2r_c0	-1.330498152743271
rxn00744_c0	1.0000000000000002
rxn00764_c0	1.0
rxn12529_c0	1.0
EX_cpd00100_e0	-1.0
rxn00747_c0	-0.9955356808963393
rxn01106_c0	-0.992503107615483
rxn00459_c0	0.992503107615483
rxn01100_c0	-0.992503107615483
rxn00781_c0	0.9925031076154829
rxn35242_c0	-0.992256987880132
rxn08428_c0	0.7625748038626935
rxn00543_c0	-0.7625748038626934
EX_cpd00363_e0	0.7625748038626933
rxn05319_c0	-0.6904045581291927
EX_cpd00001_e0	0.6904045581291887
EX_cpd00067_e0	0.657495407442098
rxn00102_c0	-0.5690374078954055
rxn00250_c0	0.5572877588333781
H2Otm_c0	0.5406279363518127
rxn00168_c0	0.5331581777938073
rxn09882_c0	-0.5231973492633425
ID3ACALDtm_c0	0.5231973492633408
rxn09741_c0	-0.5231973492633407
rxn01937_m0	0.5231973492633407
EX_cpd00036_e0	0.3265004141442665
rxn05654_c0	-0.3265004141442661
rxn09753_c0	0.32645346341677695
rxn09522_m0	-0.32645328855373174
frxn13726_m0	0.32645328855373174
rxn09739_c0	-0.3255115679983233
rxn09733_c0	0.3254944314199487
rxn30674_c0	0.32532656289707923
rxn00248_m0	-0.3253265628970792
rxn00184_c0	-0.23331604573521786
rxn00260_c0	-0.2317933274134294
rxn05582_c0	0.23040529735178392
rxn01643_c0	-0.23011053727477562
rxn01301_c0	0.23011053727477562
rxn00337_c0	0.23011053727477562
rxn01069_c0	0.22958147820423336
rxn01300_c0	0.22958147820423333
rxn00541_c0	0.22941662606888616
CO2tm_c0	-0.12939430387227607
rxn00692_m0	0.11520194922371335
rxn00908_m0	0.11520194922371334
rxn05307_c0	-0.11520194922371332
NH4tm_c0	-0.11520194922371332
rxn00165_c0	0.11290520400633997
rxn08173_m0	0.11088419977762688
rxn09780_c0	0.11074054978644349
rxn05467_c0	-0.11065884338949618
EX_cpd00011_e0	0.11065884338949418
rxn00001_c0	0.018221924879032843
rxn00097_c0	0.015256177696479318
rxn05469_m0	0.014035021624134822
rxn00154_m0	0.013460028217550941
ACtp_c0	0.013266290893015547
tx_atp_xc	0.013266290893015547
rxn00175_x0	0.013266290893015545
tx_ppi_xc	0.013266290893015545
CRNCARtp_c0	0.01326629089301513
rxn01726_x0	0.013266290893015129
rxn01726_c0	-0.013266290893015127
rxn00170_m0	0.012737231822472354
rxn08063_c0	-0.012737231822472354
rxn00533_c0	0.011631048201990724
rxn05466_c0	0.006564636291400088
EX_cpd00013_e0	-0.006564636291400088
rxn00558_c0	-0.006516621085125664
rxn01115_c0	0.0050694545275681135
rxn09648_c0	-0.005069454527568039
rxn01476_c0	0.005069454527568039
rxn08570_c0	0.005069454527568038
rxn00604_r0	0.005069454527568038
rxn00786_c0	-0.004437914783919081
rxn00549_c0	0.004437914783919081
rxn01116_c0	0.0029089123214632536
TRP_coa_c0r0	-0.002534333821933564
rxn15114_c0	-0.0021602799115378784
H2Oter_c0	-0.002021329364679495
TRP_co2_c0r0	-0.0020205861967397005
TRP_malcoa_c0r0	0.0020205861967397005
rxn00692_c0	-0.0016733584631806334
rxn00409_c0	0.00154014998155242
rxn00364_c0	0.00154014998155242
rxn01333_c0	0.001515986094569301
rxn34273_c0	0.001515986094569301
rxn00187_c0	0.001419804862643965
rxn00785_c0	-0.0013929262268939531
rxn00237_c0	0.0012789767238444005
rxn01211_c0	0.0011289376741663167
rxn00907_c0	0.0011289376741663167
rxn09441_c0	0.0010843257399002495
rxn09421_c0	0.0010843257399002495
rxn09438_c0	0.0010831891301099977
rxn09435_c0	0.001079779300739242
rxn09431_c0	0.0010740962517879825
TRP_nadp_c0r0	0.0010274952503876859
TRP_nadph_c0r0	-0.0010274952503876778
EX_cpd00009_e0	-0.0008781622102128936
rxn30365_c0	0.000790730687926
rxn00609_c0	-0.0007776159595769401
PINOS_SC_c0	0.00077761595957694
rxn00881_c0	0.00077761595957694
rxn13384_c0	0.0007688728073442334
rxn01380_c0	0.0007688728073442334
rxn00751_c0	0.0007688728073442334
rxn09552_c0	0.0007688728073442333
rxn00641_c0	0.0007209166173478365
rxn32754_c0	0.0007209166173478365
rxn00559_c0	-0.0007209166173478364
rxn00117_c0	0.00070858877269972
rxn00191_c0	-0.0007008182961530159
rxn00213_c0	0.0006593211098684175
rxn00704_c0	-0.0006593211098684174
rxn15108_c0	0.0006440752381627241
rxn00832_c0	-0.0005795507746845572
rxn03137_c0	0.0005795507746845572
rxn03004_c0	0.0005576491783416267
rxn02895_c0	0.0005576491783416266
rxn02937_c0	0.0005576491783416266
rxn00790_c0	0.0005576491783416266
rxn03084_c0	0.0005576491783416266
rxn02938_c0	0.000554064485926217
rxn35571_c0	0.0005540644859262169
rxn35572_c0	0.0005540644859262169
rxn00838_c0	0.000550934437426908
rxn00800_c0	0.000550934437426908
rxn31870_c0	0.0005430481141138223
rxn05238_c0	0.0005412120521459117
EX_cpd00048_e0	-0.0005412120521459117
rxn00693_c0	0.0005395508532207396
rxn05289_c0	0.000537714791252829
rxn09427_c0	0.0005353432112086346
rxn00379_c0	0.000532468899913205
rxn00361_c0	0.000532468899913205
rxn05239_c0	0.000532468899913205
rxn00137_c0	0.000532468899913205
rxn34008_c0	0.0005307202694666638
rxn01303_c0	0.0005290590705422718
rxn00952_c0	0.0005289716390199513
rxn00126_c0	0.000517518109594278
rxn00948_c0	0.00051374762519385
rxn02134_c0	0.00051374762519385
TRP_sphinganine_r0c0	-0.00051374762519385
rxn19045_r0	-0.0005137476251938498
rxn22099_r0	0.0005137476251938498
rxn22098_r0	0.0005137476251938498
rxn23535_r0	-0.0005137476251938498
rxn23559_r0	0.0005137476251938498
rxn19044_r0	-0.0005137476251938497
rxn23534_r0	-0.0005137476251938497
rxn19046_r0	-0.0005137476251938497
rxn23565_r0	0.0005137476251938497
rxn23531_r0	-0.0005137476251938497
rxn23554_r0	0.0005137476251938497
TRP_strcoa_c0r0	0.0005137476251938494
rxn23551_r0	0.0005137476251938494
rxn13149_c0	0.0005002503839347227
rxn02312_m0	0.0005002503839347227
SK_cpd02701_c0	0.0005002503839347227
rxn02297_c0	0.0005002503839347227
EX_cpd00764_e0	0.0004967531230416401
rxn09689_c0	-0.00049675312304164
rxn09400_c0	0.0004960864576837821
rxn23536_r0	-0.0004793433211581908
rxn22100_r0	0.00047934332115816573
rxn19047_r0	-0.00047934332115816573
rxn13236_c0	-0.0004793433211581657
rxn09606_r0	0.0004793433211581657
rxn23557_r0	0.0004793433211581514
rxn09608_c0	0.0004677586444498121
IPCS326_SC_c0	0.00045604282045798506
rxn09600_c0	0.00045604282045798506
rxn19316_m0	0.0004523706965204648
bio_gsm	0.0004371576116353385
rxn09647_c0	-0.0003531796344401899
rxn09511_r0	0.0003531796344401899
rxn09510_c0	0.0003531796344401899
rxn09642_c0	-0.0003531796344401899
rxn09582_c0	0.00031003217817178203
IPCS124_SC_c0	0.00028681910899394555
rxn05217_c0	0.00028450217365232083
rxn00260_m0	0.0002845021736523208
rxn09599_c0	-0.0002754967268525903
rxn00973_m0	0.0002673655952761942
rxn00198_m0	0.0002673655952761942
rxn00003_m0	-0.0002453765674108748
rxn15467_m0	0.0002453765674108748
KARA1im_m0	0.0002453765674108748
rxn00083_m0	-0.0002045023307229076
rxn09588_c0	0.00020179195353087226
rxn09779_c0	-0.00018500510124414463
rxn00973_c0	0.0001850051012441446
rxn00198_c0	0.000185005101244124
ORNt3m_c0	0.0001422510868261604
rxn01917_m0	0.0001422510868261604
rxn30081_m0	0.0001422510868261604
rxn02465_m0	-0.0001422510868261604
rxn01637_m0	0.0001422510868261604
rxn13300_c0	0.00013114728349060151
rxn00806_c0	-0.0001295735160887143
3C3HMPtm_c0	-0.00012957351608871429
rxn30417_c0	0.00012957351608871429
rxn03062_c0	0.00012957351608871429
rxn27497_m0	0.00012957351608871429
rxn12193_c0	0.00012957351608871429
rxn30206_m0	0.00012511450845003387
AASAD2_c0	0.00012511450845003387
rxn00510_c0	0.00012511450845003387
HACNHm_m0	0.00012511450845003387
rxn01423_c0	0.00012511450845003387
rxn09803_c0	0.00012511450845003387
SACCD1_c0	0.00012511450845003387
rxn30391_m0	0.00012511450845003387
HICITDm_m0	0.00012511450845003385
rxn01420_m0	0.00012511450845003385
rxn01255_c0	0.00012305986767534782
rxn02476_c0	0.00012305986767534782
rxn01739_c0	0.00012305986767534782
rxn01332_c0	0.0001230598676753478
rxn01740_c0	0.0001230598676753478
rxn02213_c0	0.0001230598676753478
rxn02212_c0	0.0001230598676753478
rxn00414_c0	0.0001186008600366672
rxn09799_c0	-0.00011580305132216051
rxn00903_c0	-0.00011567190403871056
rxn01256_c0	0.00010356263819641171
rxn01560_c0	8.743152232706772e-05
rxn00546_c0	-8.743152232706772e-05
rxn30145_m0	8.424027176212973e-05
rxn30333_m0	8.424027176212973e-05
rxn01575_c0	-8.424027176212973e-05
3MOPtm_c0	-8.424027176212973e-05
rxn30403_m0	8.424027176212973e-05
rxn13195_c0	8.424027176212973e-05
rxn00737_c0	8.11801684799007e-05
rxn30091_c0	7.199985863636149e-05
rxn02374_c0	7.199985863634025e-05
rxn00931_c0	7.199985863634025e-05
rxn29991_c0	7.02512281897989e-05
rxn30043_c0	7.02512281897989e-05
rxn29990_c0	7.025122818979889e-05
rxn00493_c0	-5.8535404197971827e-05
rxn01000_c0	5.8535404197971827e-05
rxn00710_c0	4.834963184686833e-05
rxn01465_c0	-4.8349631846868325e-05
rxn13251_c0	4.8349631846868325e-05
rxn01362_c0	-4.8349631846868325e-05
rxn01018_c0	4.8349631846868325e-05
rxn00527_c0	-4.502723399843987e-05
rxn01269_c0	4.502723399843987e-05
rxn00416_c0	4.445892910331393e-05
CERS124er_r0	3.440430403570109e-05
rxn13235_c0	-3.440430403570109e-05
rxn00834_c0	2.8616337257649235e-05
rxn00917_c0	2.8616337257649232e-05
GAT1_SC_c0	2.6229456698119707e-05
AGAT_SC_c0	2.6229456698119703e-05
rxn30381_c0	-2.622945669650603e-05
rxn02835_c0	2.5486288758340243e-05
rxn02834_c0	2.5486288758340243e-05
rxn00789_c0	2.5486288758340243e-05
rxn03175_c0	2.5486288758340243e-05
rxn02473_c0	2.5486288758340237e-05
rxn19830_c0	2.5486288758340237e-05
rxn27926_c0	2.5486288758340233e-05
rxn02160_c0	2.5486288758340233e-05
rxn00859_c0	2.548628875834023e-05
rxn09609_c0	2.3081921894345877e-05
rxn00119_c0	2.2163890909911532e-05
rxn00293_c0	2.1857880581766933e-05
rxn01505_c0	2.1857880581766933e-05
rxn00555_c0	2.185788058176693e-05
rxn15561_c0	2.1857880581766926e-05
rxn01483_c0	2.1857880581766926e-05
rxn15558_c0	2.1857880581766926e-05
rxn00410_c0	1.9540945240099604e-05
rxn09458_c0	1.8754061539155625e-05
rxn00134_c0	1.3770464766472495e-05
rxn00141_c0	1.363931748302256e-05
rxn39089_c0	1.3114728349060157e-05
rxn30035_c0	1.2415276170443616e-05
rxn00727_c0	1.2415276170443616e-05
rxn00791_c0	1.2415276170443614e-05
rxn02508_c0	1.2415276170443614e-05
rxn30066_c0	1.2415276170443612e-05
IPCS226_SC_c0	1.1715823991827068e-05
rxn09584_c0	1.1715823991827068e-05
rxn09590_c0	1.1715823991827068e-05
rxn09601_c0	1.1628392469500005e-05
rxn09595_c0	1.1628392469500004e-05
rxn09583_c0	1.1628392469500004e-05
rxn09589_c0	1.1628392469500004e-05
rxn09586_c0	1.1584676708336471e-05
IPCS126_SC_c0	1.158467670833647e-05
rxn09592_c0	1.158467670833647e-05
IPCS224_SC_c0	1.1453529424845869e-05
rxn09591_c0	1.1453529424845869e-05
rxn09585_c0	1.1453529424845869e-05
rxn09587_c0	1.1322382141355268e-05
rxn09593_c0	1.1322382141355266e-05
rxn09680_c0	-1.0579214201575207e-05
EX_cpd00229_e0	1.0579214201575207e-05
rxn02004_c0	1.022948811226692e-05
rxn00605_c0	1.0229488112266919e-05
rxn09459_c0	9.661183217140427e-06
rxn30425_m0	8.743152232706771e-06
rxn00239_c0	8.507087122423665e-06
rxn00690_c0	8.262278859867245e-06
rxn00686_c0	8.236049403209792e-06
rxn03841_c0	6.994521786165432e-06
4ABZtm_c0	6.99452178616543e-06
rxn02200_m0	6.99452178616543e-06
GCALDtm_c0	-6.99452178616543e-06
rxn02504_m0	6.99452178616543e-06
rxn09768_c0	-6.99452178616543e-06
rxn01257_c0	6.99452178616543e-06
rxn09769_c0	6.9945217861654295e-06
rxn00299_c0	6.9945217861654295e-06
rxn01603_c0	6.9945217861654295e-06
rxn03167_c0	6.994521786165429e-06
rxn10832_c0	5.245891340124513e-06
rxn00829_c0	5.245891339624061e-06
rxn01454_m0	-5.245891339624061e-06
rxn02322_c0	5.245891339624061e-06
rxn00178_m0	5.245891339624061e-06
rxn09614_c0	5.24589133962406e-06
rxn09743_c0	-5.24589133962406e-06
rxn01501_c0	-5.24589133962406e-06
rxn09457_c0	5.114744056133352e-06
rxn09535_c0	4.371576116353386e-06
PETOHM_SC_c0	4.371576116353386e-06
rxn09545_c0	4.371576116353386e-06
rxn09491_c0	4.3715761163533855e-06
rxn02484_c0	3.584692415409776e-06
rxn09633_c0	3.5846924154097758e-06
rxn02277_m0	3.4972608930827084e-06
rxn09531_c0	3.497260893082708e-06
rxn40428_c0	-3.497260893082708e-06
rxn00953_c0	3.060103282229037e-06
rxn00742_c0	3.0601032822283922e-06
rxn01678_c0	-2.622945669812031e-06
rxn05236_c0	2.6229456698120305e-06
rxn01517_c0	-2.6229456698120305e-06
rxn00830_c0	1.6611989242142856e-06
rxn01213_c0	1.6611989242142853e-06
rxn01466_c0	1.6611989242142853e-06
rxn09713_c0	1.39890435739063e-06
rxn00285_m0	1.3989043572330837e-06
rxn00599_m0	1.3989043572330837e-06
rxn09790_c0	-1.3989043572330834e-06
rxn05233_c0	1.3814180527676696e-06
rxn01217_c0	-1.3814180527676696e-06
rxn01509_c0	-1.3814180527676696e-06
rxn01520_c0	1.2415276170443615e-06
rxn01127_c0	-1.2415276170443615e-06
rxn05231_c0	1.2415276170443612e-06
