rxn_id	flux
rxn09121_c0	-1.546410250855671
rxn09121_m0	-1.3316402068434814
PIt2r_c0	-1.3307620417348178
rxn00744_c0	1.0000000000000002
rxn12529_c0	1.0
rxn00764_c0	1.0
EX_cpd00100_e0	-1.0
rxn00747_c0	-0.9955356661616258
rxn00781_c0	0.9925030828716093
rxn01100_c0	-0.9925030828716093
rxn01106_c0	-0.9925030828716093
rxn00459_c0	0.9925030828716092
rxn35242_c0	-0.9922569623239277
rxn00543_c0	-0.762574850830963
EX_cpd00363_e0	0.7625748508309629
rxn08428_c0	0.7625748508309629
EX_cpd00001_e0	0.6904045199015573
rxn05319_c0	-0.6904045199015569
EX_cpd00067_e0	0.6577592172332261
rxn00102_c0	-0.569037296958616
rxn00250_c0	0.5572876091162727
H2Otm_c0	0.5406279283696974
rxn00168_c0	0.5331582981630373
rxn09882_m0	-0.5231974367563537
ID3ACALDtm_c0	0.5231974367563532
rxn01937_m0	0.5231974367563531
rxn09741_c0	-0.5231974367563531
EX_cpd00036_e0	0.3265004207358079
rxn05654_c0	-0.3265004207358077
rxn09753_c0	0.3264534698533548
rxn09522_m0	-0.3264532949897329
frxn13726_m0	0.32645329498973286
rxn09739_c0	-0.325511483894319
rxn09733_c0	0.32549434725938287
rxn00248_m0	-0.32532656561426715
rxn30674_c0	0.32532656561426704
rxn00184_c0	-0.2333158977726768
rxn00260_c0	-0.23179326185688975
rxn05582_c0	0.2304052272139832
rxn01643_c0	-0.2301104661641044
rxn00337_c0	0.2301104661641044
rxn01301_c0	0.23011046616410405
rxn01069_c0	0.2295814053473767
rxn01300_c0	0.2295814053473767
rxn00541_c0	0.2294165526679256
CO2tm_m0	-0.1293942282118466
rxn05307_c0	-0.1152019141525044
rxn00908_m0	0.1152019141525044
rxn19870_m0	-0.1152019141525044
NH4tm_c0	-0.11520191415250439
rxn00165_c0	0.11290516135460844
rxn08173_m0	0.11088421602932796
rxn09780_c0	0.11074056556402048
EX_cpd00011_e0	0.11065888075535006
rxn05467_c0	-0.11065888075534991
rxn00001_c0	0.018221985021419654
rxn00097_c0	0.015256228050266692
rxn05469_m0	0.014034980515627887
rxn00154_m0	0.013459985211249123
rxn00175_c0	0.013266334679084398
rxn08063_m0	-0.012737273862356477
rxn00170_m0	0.012737273862355604
rxn00533_c0	0.011631086590858472
rxn05466_c0	0.0065645705264992926
EX_cpd00013_e0	-0.006564570526499238
rxn00558_c0	-0.006516642593565965
rxn01115_c0	0.0050694712595613
rxn09648_c0	-0.005069471259561299
rxn01476_c0	0.005069471259561299
rxn00604_r0	0.0050694712595612985
rxn08570_c0	0.0050694712595612985
rxn00786_c0	-0.004437929431482573
rxn00549_c0	0.004437929431482573
rxn01116_c0	0.0029089219224773828
TRP_coa_c0r0	-0.0025343421866316023
rxn15114_c0	-0.0021602870416512197
H2Oter_c0	-0.002021336036180153
TRP_malcoa_c0r0	0.0020205928657875093
TRP_co2_c0r0	-0.002020592865787509
rxn19870_c0	0.0016733639861844284
rxn00409_c0	0.0015401550648959043
rxn00364_c0	0.0015401550648959043
rxn01333_c0	0.00151599109815905
rxn34273_c0	0.00151599109815905
rxn00187_c0	0.0014198095487813138
rxn00785_c0	-0.0013929308243183322
rxn00237_c0	0.0012789809451718064
rxn01211_c0	0.0011289414002816412
rxn00907_c0	0.001128941400281641
rxn09421_c0	0.0010843293187727085
rxn09441_c0	0.0010843293187727085
rxn09438_c0	0.001083192705231018
rxn09435_c0	0.0010797828646059468
rxn09431_c0	0.0010644385817931256
TRP_nadp_c0r0	0.0010274986416881863
TRP_nadph_c0r0	-0.001027498641688186
EX_cpd00009_e0	-0.0008781651086635525
rxn30365_c0	0.0007907332977729702
rxn00609_c0	-0.0007776185261380806
rxn00881_c0	0.0007776185261380806
PINOS_SC_c0	0.0007776185261380805
rxn00751_c0	0.0007688753450481537
rxn13384_c0	0.0007688753450481537
rxn01380_c0	0.0007688753450481537
rxn09552_c0	0.0007688753450481536
rxn32754_c0	0.0007209189967699057
rxn00641_c0	0.0007209189967699057
rxn00559_c0	-0.0007209189967699056
rxn00117_c0	0.0007085911114331091
rxn00191_c0	-0.0007008206092394481
rxn00213_c0	0.0006593232859913723
rxn00704_c0	-0.0006593232859913721
rxn15108_c0	0.000644077363964771
rxn03137_c0	0.0005795526875209403
rxn00832_c0	-0.0005795526875209402
rxn03084_c0	0.0005576510188906738
rxn02937_c0	0.0005576510188906738
rxn03004_c0	0.0005576510188906738
rxn02895_c0	0.0005576510188906738
rxn00790_c0	0.0005576510188906738
rxn02938_c0	0.0005540663146438039
rxn35571_c0	0.0005540663146438038
rxn35572_c0	0.0005540663146438038
rxn00800_c0	0.0005509362558136107
rxn00838_c0	0.0005509362558136107
rxn31870_c0	0.0005430499064716767
rxn05238_c0	0.0005412138384425832
EX_cpd00048_e0	-0.0005412138384425832
rxn00693_c0	0.000539552634035706
rxn05289_c0	0.0005377165660066126
rxn09427_c0	0.000535344978136211
rxn00379_c0	0.0005324706573526565
rxn05239_c0	0.0005324706573526565
rxn00361_c0	0.0005324706573526565
rxn00137_c0	0.0005324706573526564
rxn34008_c0	0.0005307220211346712
rxn01303_c0	0.0005290608167276995
rxn00952_c0	0.0005289733849167998
rxn00126_c0	0.0005175198176889578
rxn02134_c0	0.000513749320844093
TRP_sphinganine_r0c0	-0.000513749320844093
rxn00948_c0	0.000513749320844093
rxn22099_r0	0.0005137493208440929
rxn23559_r0	0.0005137493208440928
rxn19045_r0	-0.0005137493208440928
rxn23535_r0	-0.0005137493208440928
rxn19044_r0	-0.0005137493208440927
rxn22098_r0	0.0005137493208440927
rxn23531_r0	-0.0005137493208440927
rxn23554_r0	0.0005137493208440926
rxn19046_r0	-0.0005137493208440926
rxn23565_r0	0.0005137493208440926
rxn23551_r0	0.0005137493208440925
rxn23534_r0	-0.0005137493208440925
TRP_strcoa_c0r0	0.0005137493208440925
SK_cpd02701_c0	0.0005002520350364854
rxn02297_c0	0.0005002520350364854
rxn02312_m0	0.0005002520350364854
rxn13149_c0	0.0005002520350364854
EX_cpd00764_e0	0.0004967547626005148
rxn09689_c0	-0.0004967547626005146
rxn09400_c0	0.0004960880950424408
rxn22100_r0	0.00047934490325523134
rxn23536_r0	-0.00047934490325523123
rxn19047_r0	-0.00047934490325523123
rxn09606_r0	0.00047934490325523123
rxn23557_r0	0.00047934490325523123
rxn13236_c0	-0.0004793449032552312
rxn00198_m0	0.0004718694834232938
rxn09608_c0	0.00046776018831107827
rxn09600_c0	0.00045604432565057645
IPCS326_SC_c0	0.00045604432565057645
rxn19316_m0	0.0004522847577819607
bio_gsm	0.00043715905449633486
rxn09642_c0	-0.0003531808001275889
rxn09647_c0	-0.0003531808001275889
rxn09511_r0	0.0003531808001275889
rxn09510_c0	0.0003531808001275889
rxn09582_c0	0.0003100332014488007
rxn05217_m0	0.00028450311266622576
rxn00260_m0	0.00028450311266622576
rxn00973_m0	0.0002673664777300746
PIN3K_SC_c0	0.0002638692052939877
rxn09538_c0	-0.0002638692052939877
rxn00003_m0	-0.00024537737728865986
KARA1im_m0	0.00024537737728865986
rxn15467_m0	0.00024537737728865986
rxn00505_m0	-0.0002045030056933216
rxn09588_c0	0.00020179261955550814
rxn00973_c0	0.00018491828005189076
rxn00198_c0	0.00018491828005188615
rxn09779_c0	-0.0001849182800518205
rxn01917_m0	0.0001422515563331129
ORNt3m_c0	0.0001422515563331129
rxn01637_m0	0.00014225155633311288
rxn30081_m0	0.00014225155633311288
rxn30339_m0	0.00014225155633311288
rxn13300_c0	0.00013114771634890044
rxn03062_c0	0.00012957394375271366
rxn30417_c0	0.00012957394375271366
3C3HMPtm_c0	-0.00012957394375271363
rxn27497_m0	0.00012957394375271363
rxn12193_c0	0.00012957394375271363
rxn00806_c0	-0.00012957394375271363
SACCD1_c0	0.00012511492139685102
rxn00510_c0	0.00012511492139685102
AASAD2_c0	0.00012511492139685102
rxn30391_m0	0.000125114921396851
HACNHm_m0	0.000125114921396851
rxn30206_m0	0.000125114921396851
rxn09803_c0	0.000125114921396851
HICITDm_m0	0.000125114921396851
rxn01420_m0	0.000125114921396851
rxn01423_c0	0.000125114921396851
rxn02476_c0	0.00012306027384071793
rxn01739_c0	0.00012306027384071793
rxn01740_c0	0.0001230602738407179
rxn02213_c0	0.0001230602738407179
rxn02212_c0	0.0001230602738407179
rxn01255_c0	0.0001230602738407179
rxn01332_c0	0.0001230602738407179
rxn00414_c0	0.00011860125148485562
rxn09799_c0	-0.00011580343353594623
rxn00903_c0	-0.00011567228581973019
rxn01256_c0	0.00010356298001018177
rxn00546_c0	-8.743181089926699e-05
rxn01560_c0	8.743181089926699e-05
rxn30403_m0	8.424054980144372e-05
rxn01575_c0	-8.424054980144372e-05
3MOPtm_c0	-8.42405498014437e-05
rxn30333_m0	8.42405498014437e-05
rxn13195_c0	8.42405498014437e-05
rxn30145_m0	8.42405498014437e-05
rxn00737_c0	8.11804364200658e-05
rxn30091_c0	7.200009627555185e-05
rxn00931_c0	7.200009627554636e-05
rxn02374_c0	7.200009627554636e-05
rxn29991_c0	7.025146005756105e-05
rxn30043_c0	7.025146005756105e-05
rxn29990_c0	7.025146005756103e-05
rxn00493_c0	-5.853559739705925e-05
rxn01000_c0	5.853559739705924e-05
rxn00710_c0	4.8349791427376e-05
rxn01362_c0	-4.8349791427375994e-05
rxn01465_c0	-4.83497914272946e-05
rxn01018_c0	4.834979142729459e-05
rxn13251_c0	4.834979142726083e-05
rxn30444_c0	4.50273826131225e-05
rxn01269_c0	4.5027382613122494e-05
rxn00416_c0	4.445907584227725e-05
CERS124er_r0	3.440441758886156e-05
rxn13235_c0	-3.440441758886156e-05
rxn00834_c0	2.8616431707329568e-05
rxn00917_c0	2.8616431707329565e-05
rxn30381_c0	-2.6229543269793903e-05
GAT1_SC_c0	2.622954326977966e-05
AGAT_SC_c0	2.6229543269779653e-05
rxn03175_c0	2.548637287713633e-05
rxn02835_c0	2.5486372877136326e-05
rxn02834_c0	2.5486372877136326e-05
rxn00859_c0	2.5486372877136326e-05
rxn00789_c0	2.5486372877136326e-05
rxn02473_c0	2.5486372877136326e-05
rxn19830_c0	2.5486372877136326e-05
rxn27926_c0	2.5486372877136323e-05
rxn02160_c0	2.5486372877136323e-05
rxn09609_c0	2.3081998077406483e-05
rxn00119_c0	2.2163964062964124e-05
rxn15558_c0	2.1857952724816747e-05
rxn00293_c0	2.1857952724816747e-05
rxn01505_c0	2.1857952724816747e-05
rxn00555_c0	2.1857952724816747e-05
rxn01483_c0	2.1857952724816747e-05
rxn15561_c0	2.1857952724816747e-05
rxn00410_c0	1.9541009735986236e-05
rxn09458_c0	1.8754123437892483e-05
rxn00134_c0	1.3770510216501718e-05
rxn00141_c0	1.363936250028565e-05
rxn39089_c0	1.3114771634890047e-05
rxn30035_c0	1.2415317147695911e-05
rxn02508_c0	1.241531714769591e-05
rxn00791_c0	1.241531714769591e-05
rxn30066_c0	1.241531714769591e-05
rxn00727_c0	1.2415317147695908e-05
rxn09590_c0	1.1715862660501773e-05
IPCS226_SC_c0	1.1715862660501773e-05
rxn09584_c0	1.1715862660501773e-05
rxn09601_c0	1.1628430849602509e-05
rxn09589_c0	1.1628430849602507e-05
IPCS324_SC_c0	1.1628430849602507e-05
rxn09583_c0	1.1628430849602507e-05
rxn09592_c0	1.1584714944152875e-05
rxn09586_c0	1.1584714944152874e-05
IPCS126_SC_c0	1.1584714944152874e-05
rxn09591_c0	1.1453567227803975e-05
rxn09585_c0	1.1453567227803973e-05
IPCS224_SC_c0	1.1453567227803971e-05
rxn09587_c0	1.1322419511455076e-05
rxn09593_c0	1.1322419511455074e-05
IPCS124_SC_c0	1.1322419511455074e-05
rxn09680_c0	-1.0579249118810929e-05
EX_cpd00229_e0	1.0579249118810929e-05
rxn00605_c0	1.0229521875214237e-05
rxn02004_c0	1.0229521875214237e-05
rxn05736_c0	-9.661215104368853e-06
rxn08453_c0	9.661215104368853e-06
rxn10665_c0	9.661215104368853e-06
rxn30425_m0	8.743181089926697e-06
rxn00239_c0	8.507115200498162e-06
rxn00690_c0	8.262306129848188e-06
rxn00686_c0	8.236076586710573e-06
rxn03841_c0	6.994544871940984e-06
rxn09768_c0	-6.994544871940984e-06
4ABZtm_c0	6.994544871940984e-06
rxn02200_m0	6.994544871940984e-06
rxn01257_c0	6.994544871940984e-06
GCALDtm_c0	-6.994544871940983e-06
rxn00299_c0	6.994544871940983e-06
rxn09769_c0	6.994544871940983e-06
rxn02504_m0	6.994544871940983e-06
rxn01603_c0	6.994544871940982e-06
rxn03167_c0	6.994544871940982e-06
rxn10832_c0	5.2459086540807115e-06
rxn00829_c0	5.245908653956016e-06
rxn01501_c0	-5.2459086539560156e-06
rxn09743_c0	-5.2459086539560156e-06
rxn02322_c0	5.2459086539560156e-06
rxn00178_m0	5.2459086539560156e-06
rxn01454_m0	-5.2459086539560156e-06
rxn09614_c0	5.2459086539560156e-06
rxn09457_c0	5.1147609376070395e-06
rxn09545_c0	4.371590544963349e-06
rxn09535_c0	4.371590544963349e-06
rxn09491_c0	4.3715905449633486e-06
PETOHM_SC_c0	4.3715905449633486e-06
rxn02484_c0	3.5847042468699466e-06
rxn09633_c0	3.5847042468699466e-06
rxn40428_c0	-3.497272435970679e-06
rxn02277_m0	3.497272435970679e-06
rxn09531_c0	3.497272435970679e-06
rxn00953_c0	3.0601133813779447e-06
rxn00742_c0	3.0601133813779206e-06
rxn01678_c0	-2.622954326978009e-06
rxn05236_c0	2.6229543269780086e-06
rxn01517_c0	-2.6229543269780086e-06
rxn01466_c0	1.661204407086072e-06
rxn01213_c0	1.661204407086072e-06
rxn00830_c0	1.661204407086072e-06
rxn00599_m0	1.398908974388272e-06
rxn09713_c0	1.398908974388272e-06
rxn00285_m0	1.398908974388272e-06
rxn09790_c0	-1.3989089743882719e-06
rxn01217_c0	-1.3814226122084185e-06
rxn01509_c0	-1.3814226122084185e-06
rxn05233_c0	1.381422612208418e-06
rxn01520_c0	1.241531714769591e-06
rxn01127_c0	-1.241531714769591e-06
rxn05231_c0	1.241531714769591e-06
